2026-01-03T04:26:54Z,variant_x,python,/health,health,4,10,10,14752.53,.58,.51,.71,1.18,27.96,0.94,149003,0,0,0,0,0,0,0,1.96,.1960,1,N/A,INITIAL
2026-01-03T04:27:06Z,variant_x,python,/health,health,6,20,10,19134.14,1.39,0.88,1.30,19.25,82.48,4.35,193882,0,0,0,0,0,0,0,2.54,.2540,2,29.00,SIGNIFICANT_GROWTH
2026-01-03T04:27:18Z,variant_x,python,/health,health,9,40,10,20783.80,2.06,1.62,2.32,19.99,38.20,2.79,209909,0,0,0,0,0,0,0,2.76,.2760,3,8.00,SIGNIFICANT_GROWTH
2026-01-03T04:27:31Z,variant_x,python,/health,health,13,80,10,19369.60,5.56,3.62,6.17,35.86,83.33,7.14,196293,0,0,0,0,0,0,0,2.57,.2570,4,-6.00,MARGINAL_GROWTH
2026-01-03T04:27:43Z,variant_x,python,/health,health,14,96,10,18946.64,5.62,3.96,5.84,36.09,46.70,6.17,191363,0,0,0,0,0,0,0,2.51,.2510,5,-2.00,MARGINAL_GROWTH
2026-01-03T04:27:55Z,variant_x,python,/health,health,15,115,10,19031.53,6.90,4.83,10.18,37.78,47.03,6.92,192206,0,0,0,0,0,0,0,2.52,.2520,6,0,PLATEAU_CONFIRMED
2026-01-03T04:28:16Z,variant_x,java,/health,health,4,10,10,43230.44,.19,.15,.30,.70,3.51,.12,436606,0,0,0,0,0,0,0,4.91,.4910,1,N/A,INITIAL
2026-01-03T04:28:28Z,variant_x,java,/health,health,6,20,10,72536.99,.25,.22,.37,.83,4.01,.14,732612,0,0,0,0,0,0,0,8.25,.8250,2,67.00,SIGNIFICANT_GROWTH
2026-01-03T04:28:40Z,variant_x,java,/health,health,9,40,10,95793.78,.38,.34,.59,1.13,7.31,.23,967449,0,0,0,0,0,0,0,10.89,1.0890,3,32.00,SIGNIFICANT_GROWTH
2026-01-03T04:28:52Z,variant_x,java,/health,health,13,80,10,124127.55,.65,.57,1.02,2.43,12.84,.45,1253583,0,0,0,0,0,0,0,14.11,1.4110,4,29.00,SIGNIFICANT_GROWTH
2026-01-03T04:29:05Z,variant_x,java,/health,health,19,160,10,158593.33,1.27,0.85,1.68,4.87,80.19,3.81,1603066,0,0,0,0,0,0,0,18.03,1.8030,5,27.00,SIGNIFICANT_GROWTH
2026-01-03T04:29:17Z,variant_x,java,/health,health,24,320,10,186704.70,1.73,1.50,2.82,5.29,44.65,1.20,1885833,0,0,0,0,0,0,0,21.22,2.1220,6,17.00,SIGNIFICANT_GROWTH
2026-01-03T04:29:34Z,variant_x,java,/health,health,24,640,15,182419.03,30.37,3.05,5.87,787.15,1080.00,128.20,2769076,0,0,0,0,0,0,0,20.73,1.3820,7,-2.00,MARGINAL_GROWTH
2026-01-03T04:29:52Z,variant_x,java,/health,health,24,768,15,194144.44,3.99,3.74,5.84,8.42,82.84,2.03,2930335,0,0,0,0,0,0,0,22.07,1.4713,8,6.00,SIGNIFICANT_GROWTH
2026-01-03T04:30:14Z,variant_x,java,/health,health,24,1536,20,184792.96,33.55,7.88,11.54,828.99,1260.00,131.63,3726766,0,0,0,0,0,0,0,21.00,1.0500,9,-4.00,MARGINAL_GROWTH
2026-01-03T04:30:36Z,variant_x,java,/health,health,24,1843,20,191604.56,9.96,9.30,12.44,17.19,268.55,7.89,3855686,0,0,0,0,0,0,0,21.78,1.0890,10,3.00,MODERATE_GROWTH
2026-01-03T04:30:59Z,variant_x,java,/health,health,24,2000,20,194086.61,10.79,10.02,13.38,17.82,320.24,10.40,3901065,0,0,0,0,0,0,0,22.06,1.1030,11,1.00,MARGINAL_GROWTH
2026-01-03T04:31:18Z,variant_x,csharp,/health,health,4,10,10,38544.87,.21,.19,.24,.60,12.00,.26,389304,0,0,0,0,0,0,0,5.81,.5810,1,N/A,INITIAL
2026-01-03T04:31:31Z,variant_x,csharp,/health,health,6,20,10,67972.23,.55,.25,.31,0.95,82.10,3.98,686534,0,0,0,0,0,0,0,10.24,1.0240,2,76.00,SIGNIFICANT_GROWTH
2026-01-03T04:31:43Z,variant_x,csharp,/health,health,9,40,10,123328.79,.29,.27,.40,.64,11.34,.24,1245558,0,0,0,0,0,0,0,18.58,1.8580,3,81.00,SIGNIFICANT_GROWTH
2026-01-03T04:31:55Z,variant_x,csharp,/health,health,13,80,10,187535.01,.42,.38,.63,1.06,22.20,.31,1894065,0,0,0,0,0,0,0,28.26,2.8260,4,52.00,SIGNIFICANT_GROWTH
2026-01-03T04:32:07Z,variant_x,csharp,/health,health,19,160,10,245036.91,0.95,.56,1.02,3.83,86.50,4.23,2475282,0,0,0,0,0,0,0,36.92,3.6920,5,30.00,SIGNIFICANT_GROWTH
2026-01-03T04:32:19Z,variant_x,csharp,/health,health,24,320,10,336718.29,0.97,.83,1.52,3.28,55.48,0.89,3400783,0,0,0,0,0,0,0,50.74,5.0740,6,37.00,SIGNIFICANT_GROWTH
2026-01-03T04:32:37Z,variant_x,csharp,/health,health,24,640,15,395795.78,1.82,1.41,2.61,6.49,82.87,3.41,5991667,0,0,0,0,0,0,0,59.64,3.9760,7,17.00,SIGNIFICANT_GROWTH
2026-01-03T04:32:59Z,variant_x,csharp,/health,health,24,1280,20,398072.68,3.27,2.92,4.86,8.68,135.99,3.02,7999230,0,0,0,0,0,0,0,59.98,2.9990,8,0,MARGINAL_GROWTH
2026-01-03T04:33:21Z,variant_x,csharp,/health,health,24,1536,20,383342.96,4.25,3.68,5.92,10.72,268.24,6.57,7704257,0,0,0,0,0,0,0,57.76,2.8880,9,-3.00,PLATEAU_CONFIRMED
2026-01-03T04:33:41Z,variant_x,nginx,/health,health,4,10,10,0.00,0,0,0,0,0,0,0,0,0,0,0,0,0,0,0,0,1,N/A,TEST_FAILED
2026-01-03T04:34:46Z,variant_x,nginx,/health,health,4,10,10,12573.68,.63,.58,0.96,1.49,12.91,.31,126996,0,0,0,0,0,0,0,2.08,.2080,1,N/A,INITIAL
2026-01-03T04:34:58Z,variant_x,nginx,/health,health,6,20,10,10168.80,1.85,1.40,3.42,5.54,43.80,1.41,101738,0,0,0,0,0,0,0,1.68,.1680,2,-19.00,MARGINAL_GROWTH
2026-01-03T04:35:10Z,variant_x,nginx,/health,health,6,24,10,3363.57,7.12,6.95,8.75,10.95,43.89,1.37,33669,0,0,0,0,0,0,0,.5560,.0556,3,-66.00,MARGINAL_GROWTH
2026-01-03T04:35:22Z,variant_x,nginx,/health,health,6,28,10,2692.11,8.88,8.55,11.54,15.31,25.28,2.07,26954,0,0,0,0,0,0,0,.4450,.0445,4,-19.00,MARGINAL_GROWTH
2026-01-03T04:35:35Z,variant_x,nginx,/health,health,6,33,10,5983.53,5.63,2.46,12.12,16.98,97.03,6.12,60488,0,0,0,0,0,0,0,0.99,.0990,5,122.00,SIGNIFICANT_GROWTH
2026-01-03T04:35:47Z,variant_x,nginx,/health,health,9,66,10,14811.66,4.23,4.11,5.03,6.51,43.36,0.94,148529,0,0,0,0,0,0,0,2.45,.2450,6,147.00,SIGNIFICANT_GROWTH
2026-01-03T04:35:59Z,variant_x,nginx,/health,health,13,132,10,13675.87,9.35,9.12,10.89,13.30,51.18,1.54,137801,0,0,0,0,0,0,0,2.26,.2260,7,-7.00,MARGINAL_GROWTH
2026-01-03T04:36:11Z,variant_x,nginx,/health,health,14,158,10,13490.07,11.22,11.02,12.77,15.49,53.01,1.61,136018,0,0,0,0,0,0,0,2.23,.2230,8,-1.00,MARGINAL_GROWTH
2026-01-03T04:36:23Z,variant_x,nginx,/health,health,15,189,10,12553.50,14.02,13.98,16.15,19.24,53.47,2.12,126520,0,0,0,0,0,0,0,2.08,.2080,9,-6.00,MARGINAL_GROWTH
2026-01-03T04:36:36Z,variant_x,nginx,/health,health,16,226,10,12372.85,17.80,0,19.72,25.30,98.21,5.18,125871,0,0,0,0,0,0,0,2.05,.2050,10,-1.00,MARGINAL_GROWTH
2026-01-03T04:36:48Z,variant_x,nginx,/health,health,17,271,10,11668.30,20.84,20.81,24.08,30.79,62.28,3.46,117847,0,0,0,0,0,0,0,1.93,.1930,11,-5.00,MARGINAL_GROWTH
2026-01-03T04:37:00Z,variant_x,nginx,/health,health,18,325,10,11668.89,26.02,26.31,29.26,32.99,66.59,3.54,117601,0,0,0,0,0,0,0,1.93,.1930,12,0,MARGINAL_GROWTH
2026-01-03T04:37:12Z,variant_x,nginx,/health,health,19,390,10,12005.32,29.06,29.40,32.99,36.61,71.18,4.32,121225,0,0,0,0,0,0,0,1.98,.1980,13,2.00,PLATEAU_CONFIRMED
